id;first_name
1;Kaylee
2;Alejoa
3;Lenna
4;Larine
5;Ashien
6;Meriel
7;Natty
8;Cullin
9;Marcela
10;Tod
11;Ketty
12;Trina
13;Arabele
14;Cam
15;Rodina
16;Jarrid
17;Lizzy
18;Lucian
19;Ame
20;Quinta
21;Carolyne
22;Maritsa
23;Yasmeen
24;Ernie
25;Smith
26;Millisent
27;Dareen
28;Wrennie
29;Arlen
30;Willdon
31;Nelli
32;Derry
33;Jeniffer
34;Hodge
35;Rosanne
36;Elie
37;Grayce
38;Donny
39;Myrwyn
40;Rory
41;Tessie
42;Christy
43;Trudey
44;Paquito
45;Gabriell
46;Nester
47;Maison
48;Natassia
49;Leandra
50;Merissa
51;Harriett
52;Halie
53;Pincus
54;Marilyn
55;Shanda
56;Hastings
57;Justus
58;Roi
59;Husain
60;Stearn
61;Broddy
62;Conroy
63;Louis
64;Shell
65;Asia
66;Moishe
67;Bastian
68;Sara
69;Asher
70;Dilly
71;Arthur
72;Lorenzo
73;Clayton
74;Trent
75;Blanca
76;Husain
77;Edik
78;Les
79;Annadiana
80;Kathy
81;Felicity
82;Siouxie
83;Mollee
84;Yorke
85;Fred
86;Ariel
87;Barnie
88;Harp
89;Fitzgerald
90;Nolan
91;Kacey
92;Philbert
93;Reeva
94;Tannie
95;Lester
96;Ike
97;Derk
98;Lek
99;Dareen
100;Batholomew
